{
  "spec/hatchet/bugs_spec.rb": 78.69840455055237,
  "spec/hatchet/ci_spec.rb": 369.8046033382416,
  "spec/hatchet/jvm_spec.rb": 91.47721910476685,
  "spec/hatchet/node_spec.rb": 128.28125286102295,
  "spec/hatchet/rails23_spec.rb": 28.82240319252014,
  "spec/hatchet/rails3_spec.rb": 204.9839370250702,
  "spec/hatchet/rails4_spec.rb": 633.7822301387787,
  "spec/hatchet/rails5_spec.rb": 356.52119636535645,
  "spec/hatchet/rubies_spec.rb": 388.03893065452576,
  "spec/hatchet/ruby_spec.rb": 212.3235387802124,
  "spec/hatchet/stack_spec.rb": 28.049747943878174,
  "spec/helpers/bundler_wrapper_spec.rb": 12.645333766937256,
  "spec/helpers/fetcher_spec.rb": 0.5732600688934326,
  "spec/helpers/jvm_installer_spec.rb": 20.692670106887817,
  "spec/helpers/node_installer_spec.rb": 1.5177021026611328,
  "spec/helpers/rails_runner_spec.rb": 0.3653140068054199,
  "spec/helpers/rake_runner_spec.rb": 13.448747634887695,
  "spec/helpers/ruby_version_spec.rb": 23.302748680114746,
  "spec/helpers/shell_spec.rb": 0.7545936107635498,
  "spec/helpers/stale_file_cleaner_spec.rb": 2.0122320652008057,
  "spec/helpers/yarn_installer_spec.rb": 0.5764100551605225,
  "spec/installers/heroku_ruby_installer_spec.rb": 6.111052989959717,
  "spec/installers/rbx_installer_spec.rb": 8.588847160339355,
  "spec/installers/yarn_installer_spec.rb": 0.7034938335418701
}