{
  "spec/hatchet/bugs_spec.rb": 83.60694026947021,
  "spec/hatchet/ci_spec.rb": 184.3626697063446
}